<?xml version="1.0" encoding="utf-8"?>
<System>
  <P Name="Location">[-1, -7, 1537, 865]</P>
  <P Name="ZoomFactor">175</P>
  <P Name="ReportName">simulink-default.rpt</P>
  <P Name="SIDHighWatermark">17</P>
  <Block BlockType="Inport" Name="Error" SID="1">
    <P Name="Position">[160, 193, 185, 207]</P>
    <P Name="ZOrder">177</P>
  </Block>
  <Block BlockType="Inport" Name="Ideal torque" SID="13">
    <P Name="Position">[135, 228, 165, 242]</P>
    <P Name="ZOrder">189</P>
    <P Name="Port">2</P>
  </Block>
  <Block BlockType="Derivative" Name="Derivative" SID="5">
    <P Name="Position">[300, 280, 330, 310]</P>
    <P Name="ZOrder">181</P>
  </Block>
  <Block BlockType="Integrator" Name="Integrator" SID="7">
    <PortCounts in="1" out="1"/>
    <P Name="Position">[300, 75, 330, 105]</P>
    <P Name="ZOrder">183</P>
  </Block>
  <Block BlockType="Gain" Name="Kd" SID="6">
    <P Name="Position">[375, 280, 405, 310]</P>
    <P Name="ZOrder">182</P>
    <P Name="Gain">0</P>
  </Block>
  <Block BlockType="Gain" Name="Ki" SID="8">
    <P Name="Position">[375, 77, 405, 103]</P>
    <P Name="ZOrder">184</P>
  </Block>
  <Block BlockType="Gain" Name="Kp" SID="3">
    <P Name="Position">[315, 185, 345, 215]</P>
    <P Name="ZOrder">179</P>
  </Block>
  <Block BlockType="Mux" Name="Mux" SID="9">
    <PortCounts in="2" out="1"/>
    <P Name="Position">[525, 183, 535, 252]</P>
    <P Name="ZOrder">185</P>
    <P Name="Inputs">2</P>
    <P Name="DisplayOption">bar</P>
  </Block>
  <Block BlockType="Scope" Name="Scope" SID="17">
    <PortCounts in="1"/>
    <P Name="Position">[630, 149, 660, 181]</P>
    <P Name="ZOrder">193</P>
    <P Name="ScopeSpecificationString">Simulink.scopes.TimeScopeBlockCfg(&apos;CurrentConfiguration&apos;, extmgr.ConfigurationSet(extmgr.Configuration(&apos;Core&apos;,&apos;General UI&apos;,true),extmgr.Configuration(&apos;Core&apos;,&apos;Source UI&apos;,true),extmgr.Configuration(&apos;Sources&apos;,&apos;WiredSimulink&apos;,true),extmgr.Configuration(&apos;Visuals&apos;,&apos;Time Domain&apos;,true,&apos;SerializedDisplays&apos;,{struct(&apos;MinYLimReal&apos;,&apos;-1.00000&apos;,&apos;MaxYLimReal&apos;,&apos;1.00000&apos;,&apos;YLabelReal&apos;,&apos;&apos;,&apos;MinYLimMag&apos;,&apos;0.00000&apos;,&apos;MaxYLimMag&apos;,&apos;1.00000&apos;,&apos;LegendVisibility&apos;,&apos;off&apos;,&apos;XGrid&apos;,true,&apos;YGrid&apos;,true,&apos;PlotMagPhase&apos;,false,&apos;AxesColor&apos;,[0 0 0],&apos;AxesTickColor&apos;,[0.686274509803922 0.686274509803922 0.686274509803922],&apos;ColorOrder&apos;,[1 1 0.0666666666666667;0.0745098039215686 0.623529411764706 1;1 0.411764705882353 0.16078431372549;0.392156862745098 0.831372549019608 0.0745098039215686;0.717647058823529 0.274509803921569 1;0.0588235294117647 1 1;1 0.0745098039215686 0.650980392156863],&apos;Title&apos;,&apos;%&lt;SignalLabel&gt;&apos;,&apos;LinePropertiesCache&apos;,{{}},&apos;UserDefinedChannelNames&apos;,{{}},&apos;NumLines&apos;,2,&apos;LineNames&apos;,{{&apos;Sum&apos;,&apos;Ideal torque&apos;}},&apos;ShowContent&apos;,true,&apos;Placement&apos;,1)},&apos;DisplayPropertyDefaults&apos;,struct(&apos;MinYLimReal&apos;,&apos;-1.00000&apos;,&apos;MaxYLimReal&apos;,&apos;1.00000&apos;,&apos;YLabelReal&apos;,&apos;&apos;,&apos;MinYLimMag&apos;,&apos;0.00000&apos;,&apos;MaxYLimMag&apos;,&apos;1.00000&apos;,&apos;LegendVisibility&apos;,&apos;off&apos;,&apos;XGrid&apos;,true,&apos;YGrid&apos;,true,&apos;PlotMagPhase&apos;,false,&apos;AxesColor&apos;,[0 0 0],&apos;AxesTickColor&apos;,[0.686274509803922 0.686274509803922 0.686274509803922],&apos;ColorOrder&apos;,[0.0745098039215686 0.623529411764706 1;1 0.411764705882353 0.16078431372549;1 1 0.0666666666666667;0.717647058823529 0.274509803921569 1;0.392156862745098 0.831372549019608 0.0745098039215686;0.0588235294117647 1 1;1 0.0745098039215686 0.650980392156863])),extmgr.Configuration(&apos;Tools&apos;,&apos;Plot Navigation&apos;,true),extmgr.Configuration(&apos;Tools&apos;,&apos;Measurements&apos;,true,&apos;Version&apos;,&apos;2023a&apos;)),&apos;Version&apos;,&apos;2023a&apos;)</P>
    <P Name="NumInputPorts">1</P>
    <P Name="Floating">off</P>
  </Block>
  <Block BlockType="Sum" Name="Sum" SID="4">
    <PortCounts in="3" out="1"/>
    <P Name="Position">[410, 185, 440, 215]</P>
    <P Name="ZOrder">180</P>
    <P Name="Inputs">+++</P>
  </Block>
  <Block BlockType="Outport" Name="Regulated Torque" SID="10">
    <P Name="Position">[695, 213, 725, 227]</P>
    <P Name="ZOrder">186</P>
  </Block>
  <Line>
    <P Name="ZOrder">34</P>
    <P Name="Src">1#out:1</P>
    <P Name="Points">[46, 0]</P>
    <Branch>
      <P Name="ZOrder">97</P>
      <P Name="Points">[34, 0]</P>
      <Branch>
        <P Name="ZOrder">98</P>
        <P Name="Points">[0, 95]</P>
        <P Name="Dst">5#in:1</P>
      </Branch>
      <Branch>
        <P Name="ZOrder">6</P>
        <P Name="Dst">3#in:1</P>
      </Branch>
    </Branch>
    <Branch>
      <P Name="ZOrder">95</P>
      <P Name="Points">[0, -110]</P>
      <P Name="Dst">7#in:1</P>
    </Branch>
  </Line>
  <Line>
    <P Name="ZOrder">5</P>
    <P Name="Src">3#out:1</P>
    <P Name="Dst">4#in:2</P>
  </Line>
  <Line>
    <P Name="ZOrder">33</P>
    <P Name="Src">4#out:1</P>
    <P Name="Dst">9#in:1</P>
  </Line>
  <Line>
    <P Name="ZOrder">41</P>
    <P Name="Src">13#out:1</P>
    <P Name="Dst">9#in:2</P>
  </Line>
  <Line>
    <P Name="ZOrder">79</P>
    <P Name="Src">9#out:1</P>
    <P Name="Points">[48, 0]</P>
    <Branch>
      <P Name="ZOrder">81</P>
      <P Name="Points">[0, -55]</P>
      <P Name="Dst">17#in:1</P>
    </Branch>
    <Branch>
      <P Name="ZOrder">80</P>
      <P Name="Dst">10#in:1</P>
    </Branch>
  </Line>
  <Line>
    <P Name="ZOrder">76</P>
    <P Name="Src">7#out:1</P>
    <P Name="Dst">8#in:1</P>
  </Line>
  <Line>
    <P Name="ZOrder">78</P>
    <P Name="Src">5#out:1</P>
    <P Name="Dst">6#in:1</P>
  </Line>
  <Line>
    <P Name="ZOrder">94</P>
    <P Name="Src">8#out:1</P>
    <P Name="Points">[15, 0]</P>
    <P Name="Dst">4#in:1</P>
  </Line>
  <Line>
    <P Name="ZOrder">99</P>
    <P Name="Src">6#out:1</P>
    <P Name="Points">[15, 0]</P>
    <P Name="Dst">4#in:3</P>
  </Line>
</System>
