<?xml version="1.0" encoding="UTF-8"?>
<sltp_editor version="1.1" packageUris="http://schema.mathworks.com/mf0/DiagramEditor/R2019a_20181107 http://schema.mathworks.com/mf0/SltpSyntax/R2023a_202207220222">
  <sltp.mm.syntax.Context type="sltp.mm.syntax.Context" uuid="3bc6494c-0943-48af-82ee-575fcc503e5e">
    <globalData type="sltp.mm.syntax.GlobalData" uuid="dcb06109-6108-41e6-98e0-cc6eabf132d4">
      <dataName>portError</dataName>
      <type>RootInport</type>
    </globalData>
    <globalData type="sltp.mm.syntax.GlobalData" uuid="302ceade-cd18-4f99-9b65-f51fda673cab">
      <dataName>portIdeal Slip</dataName>
      <type>RootInport</type>
    </globalData>
    <globalData type="sltp.mm.syntax.GlobalData" uuid="c180e234-61b5-4323-84ff-8840cd0b5bd4">
      <dataName>portIdeal slip</dataName>
      <type>RootInport</type>
    </globalData>
    <globalData type="sltp.mm.syntax.GlobalData" uuid="f9272267-60b7-4e8c-a9b5-b6034e2d538b">
      <dataName>portIdeal torque</dataName>
      <type>RootInport</type>
    </globalData>
    <globalData type="sltp.mm.syntax.GlobalData" uuid="2e15dc6b-d94d-4b9d-a26c-b8a8d487ddfc">
      <dataName>portRegulated Torque</dataName>
      <type>RootOutport</type>
    </globalData>
    <rootGraph type="sltp.mm.syntax.Graph" uuid="e76d6954-ede4-4db3-b2ce-0530b1bcca81">
      <children type="sltp.mm.syntax.Node" uuid="504dc009-18f4-4682-b0c5-699f9ec1061c">
        <priority>40</priority>
        <rates type="sltp.mm.syntax.RateData">
          <color>#000000</color>
          <hasBlocks>true</hasBlocks>
          <rate>0</rate>
          <title>Cont</title>
        </rates>
        <title>Cont</title>
        <type>base</type>
        <diagramElement type="diagram.editor.model.Entity" uuid="8e9c8ded-90d8-4d3e-9d09-09022c30d343"/>
        <subgraph type="sltp.mm.syntax.Graph" uuid="782308ae-2378-49da-b4d4-63fd9795539f">
          <title>Cont</title>
          <diagramElement type="diagram.editor.model.Diagram" uuid="698e925f-3830-497b-bc9b-4d10913b5d58"/>
        </subgraph>
      </children>
      <title>Default</title>
      <diagramElement type="diagram.editor.model.Diagram" uuid="e2860f81-b6af-48e2-92fc-12e61e1e719c"/>
    </rootGraph>
  </sltp.mm.syntax.Context>
  <diagram.editor.model.Diagram type="diagram.editor.model.Diagram" uuid="e2860f81-b6af-48e2-92fc-12e61e1e719c">
    <entities type="diagram.editor.model.Entity" uuid="8e9c8ded-90d8-4d3e-9d09-09022c30d343">
      <position>0,0</position>
      <size>0,0,0,0</size>
      <syntaxElement type="sltp.mm.syntax.Node" uuid="504dc009-18f4-4682-b0c5-699f9ec1061c"/>
      <title>Cont</title>
      <type>base</type>
      <subDiagram type="diagram.editor.model.Diagram" uuid="698e925f-3830-497b-bc9b-4d10913b5d58">
        <position>0,0</position>
        <syntaxElement type="sltp.mm.syntax.Graph" uuid="782308ae-2378-49da-b4d4-63fd9795539f"/>
        <title>Cont</title>
        <type>graph.Graph</type>
      </subDiagram>
    </entities>
    <syntaxElement type="sltp.mm.syntax.Graph" uuid="e76d6954-ede4-4db3-b2ce-0530b1bcca81"/>
    <title>Default</title>
    <type>graph.Graph</type>
  </diagram.editor.model.Diagram>
</sltp_editor>