<?xml version="1.0" encoding="utf-8"?>
<GraphicalInterface>
  <P Name="NumRootInports">2</P>
  <Inport Name="Rotational_Speed_rear">
    <P Name="BusObject"/>
    <P Name="OutputFunctionCall">off</P>
    <P Name="InportServerType">off</P>
    <P Name="SampleTime">-1</P>
    <P Name="UnitExpr">inherit</P>
  </Inport>
  <Inport Name="Rotational_Speed_front">
    <P Name="BusObject"/>
    <P Name="OutputFunctionCall">off</P>
    <P Name="InportServerType">off</P>
    <P Name="SampleTime">-1</P>
    <P Name="UnitExpr">inherit</P>
  </Inport>
  <P Name="NumRootOutports">1</P>
  <Outport Name="Slip_ratio">
    <P Name="BusObject"/>
    <P Name="BusOutputAsStruct">off</P>
    <P Name="UnitExpr">inherit</P>
    <P Name="OutportClientType">off</P>
  </Outport>
  <P Name="ParameterArgumentNames"/>
  <P Name="NumModelReferences">0</P>
  <P Name="NumTestPointedSignals">0</P>
  <P Name="NumProvidedFunctions">0</P>
  <P Name="NumRequiredFunctions">0</P>
  <P Name="NumResetEvents">0</P>
  <P Name="HasInitializeEvent">0</P>
  <P Name="HasTerminateEvent">0</P>
  <P Name="PreCompExecutionDomainType">Unset</P>
  <P Name="UseModelRefSolver">0</P>
  <P Name="SolverName">VariableStepAuto</P>
  <P Name="IsExportFunctionModel">0</P>
  <P Name="SimulinkSubDomainType">Simulink</P>
  <P Name="NumParameterArguments">0</P>
  <P Name="NumExternalFileReferences">0</P>
  <P Name="OrderedModelArguments">1</P>
</GraphicalInterface>
