<?xml version="1.0" encoding="UTF-8"?>
<sltp_editor version="1.1" packageUris="http://schema.mathworks.com/mf0/DiagramEditor/R2019a_20181107 http://schema.mathworks.com/mf0/SltpSyntax/R2023a_202207220222">
  <sltp.mm.syntax.Context type="sltp.mm.syntax.Context" uuid="3bc6494c-0943-48af-82ee-575fcc503e5e">
    <globalData type="sltp.mm.syntax.GlobalData" uuid="4e45a614-a59b-4c1a-b712-56ae684fdc28">
      <dataName>portRotational_Speed_front</dataName>
      <type>RootInport</type>
    </globalData>
    <globalData type="sltp.mm.syntax.GlobalData" uuid="caf69fe3-eddb-4c64-8be4-36e73f9c9198">
      <dataName>portRotational_Speed_rear</dataName>
      <type>RootInport</type>
    </globalData>
    <globalData type="sltp.mm.syntax.GlobalData" uuid="ec6c43ff-19a9-4b0d-8032-6897797b74e4">
      <dataName>portSlip_ratio</dataName>
      <type>RootOutport</type>
    </globalData>
    <rootGraph type="sltp.mm.syntax.Graph" uuid="e76d6954-ede4-4db3-b2ce-0530b1bcca81">
      <children type="sltp.mm.syntax.Node" uuid="8454e750-da6b-4062-b0a3-784466ab30ba">
        <priority>40</priority>
        <rates type="sltp.mm.syntax.RateData">
          <color>#000000</color>
          <hasBlocks>true</hasBlocks>
          <rate>0</rate>
          <title>Cont</title>
        </rates>
        <title>Cont</title>
        <type>base</type>
        <diagramElement type="diagram.editor.model.Entity" uuid="237b9ee1-7ada-4d5e-8864-da5fa666a99c"/>
        <subgraph type="sltp.mm.syntax.Graph" uuid="18316c8d-77db-446c-842a-478edfa151ec">
          <title>Cont</title>
          <diagramElement type="diagram.editor.model.Diagram" uuid="c04e4f07-2803-476e-9b55-35f30f90c39d"/>
        </subgraph>
      </children>
      <title>Default</title>
      <diagramElement type="diagram.editor.model.Diagram" uuid="e2860f81-b6af-48e2-92fc-12e61e1e719c"/>
    </rootGraph>
  </sltp.mm.syntax.Context>
  <diagram.editor.model.Diagram type="diagram.editor.model.Diagram" uuid="e2860f81-b6af-48e2-92fc-12e61e1e719c">
    <entities type="diagram.editor.model.Entity" uuid="237b9ee1-7ada-4d5e-8864-da5fa666a99c">
      <position>0,0</position>
      <size>0,0,0,0</size>
      <syntaxElement type="sltp.mm.syntax.Node" uuid="8454e750-da6b-4062-b0a3-784466ab30ba"/>
      <title>Cont</title>
      <type>base</type>
      <subDiagram type="diagram.editor.model.Diagram" uuid="c04e4f07-2803-476e-9b55-35f30f90c39d">
        <position>0,0</position>
        <syntaxElement type="sltp.mm.syntax.Graph" uuid="18316c8d-77db-446c-842a-478edfa151ec"/>
        <title>Cont</title>
        <type>graph.Graph</type>
      </subDiagram>
    </entities>
    <syntaxElement type="sltp.mm.syntax.Graph" uuid="e76d6954-ede4-4db3-b2ce-0530b1bcca81"/>
    <title>Default</title>
    <type>graph.Graph</type>
  </diagram.editor.model.Diagram>
</sltp_editor>