<?xml version="1.0" encoding="UTF-8"?>
<sltp_graph version="1.1" packageUris="http://schema.mathworks.com/mf0/sltp_mm/R2023a_202209151115">
  <sltp.mm.core.Context type="sltp.mm.core.Context" uuid="eaa72d88-4ee5-416d-b060-e92534399baf">
    <globalData type="sltp.mm.core.GlobalData" uuid="922e9756-cd79-4784-aa19-a6b58f32e390">
      <dataName>portRotational_Speed_front</dataName>
      <type>RootInport</type>
    </globalData>
    <globalData type="sltp.mm.core.GlobalData" uuid="e02e8537-56ad-4594-931f-40341dde5dd2">
      <dataName>portRotational_Speed_rear</dataName>
      <type>RootInport</type>
    </globalData>
    <globalData type="sltp.mm.core.GlobalData" uuid="430f2bab-bc1d-4359-806b-31020226b44a">
      <dataName>portSlip_ratio</dataName>
      <type>RootOutport</type>
    </globalData>
    <priorityDirection>HighNumberLast</priorityDirection>
    <defaultEventBehavior type="sltp.mm.core.EventBehavior" uuid="d7ab87b1-5e71-4ca0-9d82-f03c5bd9acc2"/>
    <editorState type="sltp.mm.core.EditorState" uuid="dfddbac0-357d-476b-aee8-f6ce847b5b79">
      <isSynchronized>true</isSynchronized>
      <panelState type="sltp.mm.core.EditorPanelState" uuid="ce5f0e47-f930-4581-a1d3-2284783b58ef"/>
    </editorState>
    <rootTask type="sltp.mm.core.Task" uuid="d68bf30b-f682-4bfc-92a1-8148c2d0e839">
      <context type="sltp.mm.core.Context" uuid="eaa72d88-4ee5-416d-b060-e92534399baf"/>
      <explicit>false</explicit>
      <name>Default</name>
      <priority>-2147483648</priority>
      <subgraph type="sltp.mm.core.Graph" uuid="d49cbe55-bd86-4672-a486-46c034e89138">
        <tasks type="sltp.mm.core.Task" uuid="b3ac1306-9372-412b-9616-b8b874cc5966">
          <baseTask>true</baseTask>
          <context type="sltp.mm.core.Context" uuid="eaa72d88-4ee5-416d-b060-e92534399baf"/>
          <explicit>false</explicit>
          <id>1</id>
          <isTimed>true</isTimed>
          <name>Cont</name>
          <priority>40</priority>
          <rates type="sltp.mm.core.Rate" uuid="63b3ed10-babd-4405-9bf4-c8f2609bd437">
            <annotation>Cont</annotation>
            <color>255</color>
            <hasBlocks>true</hasBlocks>
            <identifier>Continuous00</identifier>
            <rateIndex>0</rateIndex>
            <rateSpec type="sltp.mm.core.RateSpec">
              <period>0.0</period>
            </rateSpec>
            <sti>0</sti>
          </rates>
        </tasks>
      </subgraph>
    </rootTask>
  </sltp.mm.core.Context>
</sltp_graph>