<?xml version="1.0" encoding="utf-8"?>
<System>
  <P Name="Location">[-1, -7, 1537, 865]</P>
  <P Name="Open">on</P>
  <P Name="ZoomFactor">60</P>
  <P Name="ReportName">simulink-default.rpt</P>
  <P Name="SIDHighWatermark">43</P>
  <Block BlockType="Inport" Name="Driver_torque" SID="8">
    <P Name="Position">[990, 533, 1020, 547]</P>
    <P Name="ZOrder">177</P>
  </Block>
  <Block BlockType="Inport" Name="Wr" SID="21">
    <P Name="Position">[-480, 328, -450, 342]</P>
    <P Name="ZOrder">317</P>
    <P Name="Port">2</P>
  </Block>
  <Block BlockType="Inport" Name="Wf" SID="22">
    <P Name="Position">[-480, 398, -450, 412]</P>
    <P Name="ZOrder">318</P>
    <P Name="Port">3</P>
  </Block>
  <Block BlockType="Constant" Name="Constant" SID="10">
    <P Name="Position">[-150, 725, -120, 755]</P>
    <P Name="ZOrder">179</P>
    <P Name="Value">0.1</P>
  </Block>
  <Block BlockType="Constant" Name="Constant1" SID="11">
    <P Name="Position">[-150, 675, -120, 705]</P>
    <P Name="ZOrder">180</P>
    <P Name="Value">0.25</P>
  </Block>
  <Block BlockType="ModelReference" Name="Model" SID="1">
    <PortCounts in="2" out="1"/>
    <P Name="Position">[-240, 484, -35, 626]</P>
    <P Name="ZOrder">1</P>
    <P Name="ModelNameDialog">Slip_ratio.slx</P>
    <Array PropName="ParameterArgumentNames" Type="String" Dimension="1*0"/>
    <Array PropName="ParameterArgumentValues" Type="String" Dimension="1*0"/>
    <P Name="SimulationMode">Normal</P>
    <List ListType="VisibleInports">
      <P Name="port0">on</P>
      <P Name="port1">on</P>
    </List>
    <P Name="ContentPreviewEnabled">on</P>
    <P Name="ModelReferenceVersion">1.5</P>
    <List ListType="InputPortNames">
      <P Name="port0">Rotational_Speed_rear</P>
      <P Name="port1">Rotational_Speed_front</P>
    </List>
    <List ListType="OutputPortNames">
      <P Name="port0">Slip_ratio</P>
    </List>
    <List ListType="OutputPortOutputBusAsStructs">
      <P Name="port0">off</P>
    </List>
    <List ListType="InputPortLatchByCopyingInsideSignal">
      <P Name="port0">off</P>
      <P Name="port1">off</P>
    </List>
    <List ListType="OutputPortUnitExprs">
      <P Name="port0">inherit</P>
    </List>
    <List ListType="InputPortUnitExprs">
      <P Name="port0">inherit</P>
      <P Name="port1">inherit</P>
    </List>
    <List ListType="InputPortLatchByDelayingOutsideSignal">
      <P Name="port0">off</P>
      <P Name="port1">off</P>
    </List>
  </Block>
  <Block BlockType="ModelReference" Name="Model1" SID="17">
    <PortCounts in="2" out="1"/>
    <P Name="Position">[780, 339, 1045, 461]</P>
    <P Name="ZOrder">313</P>
    <P Name="ModelNameDialog">Controller</P>
    <Array PropName="ParameterArgumentNames" Type="String" Dimension="1*0"/>
    <Array PropName="ParameterArgumentValues" Type="String" Dimension="1*0"/>
    <P Name="SimulationMode">Normal</P>
    <List ListType="VisibleInports">
      <P Name="port0">on</P>
      <P Name="port1">on</P>
    </List>
    <P Name="ContentPreviewEnabled">on</P>
    <P Name="ModelReferenceVersion">1.5</P>
    <List ListType="InputPortNames">
      <P Name="port0">Error</P>
      <P Name="port1">Ideal torque</P>
    </List>
    <List ListType="OutputPortNames">
      <P Name="port0">Regulated Torque</P>
    </List>
    <List ListType="OutputPortOutputBusAsStructs">
      <P Name="port0">off</P>
    </List>
    <List ListType="InputPortLatchByCopyingInsideSignal">
      <P Name="port0">off</P>
      <P Name="port1">off</P>
    </List>
    <List ListType="OutputPortUnitExprs">
      <P Name="port0">inherit</P>
    </List>
    <List ListType="InputPortUnitExprs">
      <P Name="port0">inherit</P>
      <P Name="port1">inherit</P>
    </List>
    <List ListType="InputPortLatchByDelayingOutsideSignal">
      <P Name="port0">off</P>
      <P Name="port1">off</P>
    </List>
  </Block>
  <Block BlockType="Scope" Name="Scope" SID="40">
    <PortCounts in="2"/>
    <P Name="Position">[1290, 296, 1320, 329]</P>
    <P Name="ZOrder">336</P>
    <P Name="ScopeSpecificationString">Simulink.scopes.TimeScopeBlockCfg(&apos;CurrentConfiguration&apos;, extmgr.ConfigurationSet(extmgr.Configuration(&apos;Core&apos;,&apos;General UI&apos;,true),extmgr.Configuration(&apos;Core&apos;,&apos;Source UI&apos;,true),extmgr.Configuration(&apos;Sources&apos;,&apos;WiredSimulink&apos;,true),extmgr.Configuration(&apos;Visuals&apos;,&apos;Time Domain&apos;,true,&apos;SerializedDisplays&apos;,{struct(&apos;MinYLimReal&apos;,&apos;-158.11956&apos;,&apos;MaxYLimReal&apos;,&apos;1423.07604&apos;,&apos;YLabelReal&apos;,&apos;&apos;,&apos;MinYLimMag&apos;,&apos; 0.00000&apos;,&apos;MaxYLimMag&apos;,&apos;1423.07604&apos;,&apos;LegendVisibility&apos;,&apos;off&apos;,&apos;XGrid&apos;,true,&apos;YGrid&apos;,true,&apos;PlotMagPhase&apos;,false,&apos;AxesColor&apos;,[0 0 0],&apos;AxesTickColor&apos;,[0.686274509803922 0.686274509803922 0.686274509803922],&apos;ColorOrder&apos;,[1 1 0.0666666666666667;0.0745098039215686 0.623529411764706 1;1 0.411764705882353 0.16078431372549;0.392156862745098 0.831372549019608 0.0745098039215686;0.717647058823529 0.274509803921569 1;0.0588235294117647 1 1;1 0.0745098039215686 0.650980392156863],&apos;Title&apos;,&apos;%&lt;SignalLabel&gt;&apos;,&apos;LinePropertiesCache&apos;,{{}},&apos;UserDefinedChannelNames&apos;,{{}},&apos;NumLines&apos;,3,&apos;LineNames&apos;,{{&apos;Subtract1:1&apos;,&apos;Subtract1:2&apos;,&apos;Sine Wave2&apos;}},&apos;ShowContent&apos;,true,&apos;Placement&apos;,1)},&apos;DisplayPropertyDefaults&apos;,struct(&apos;MinYLimReal&apos;,&apos;-158.11956&apos;,&apos;MaxYLimReal&apos;,&apos;1423.07604&apos;,&apos;YLabelReal&apos;,&apos;&apos;,&apos;MinYLimMag&apos;,&apos; 0.00000&apos;,&apos;MaxYLimMag&apos;,&apos;1423.07604&apos;,&apos;LegendVisibility&apos;,&apos;off&apos;,&apos;XGrid&apos;,true,&apos;YGrid&apos;,true,&apos;PlotMagPhase&apos;,false,&apos;AxesColor&apos;,[0 0 0],&apos;AxesTickColor&apos;,[0.686274509803922 0.686274509803922 0.686274509803922],&apos;ColorOrder&apos;,[0.0745098039215686 0.623529411764706 1;1 0.411764705882353 0.16078431372549;1 1 0.0666666666666667;0.717647058823529 0.274509803921569 1;0.392156862745098 0.831372549019608 0.0745098039215686;0.0588235294117647 1 1;1 0.0745098039215686 0.650980392156863])),extmgr.Configuration(&apos;Tools&apos;,&apos;Plot Navigation&apos;,true),extmgr.Configuration(&apos;Tools&apos;,&apos;Measurements&apos;,true,&apos;Version&apos;,&apos;2023a&apos;)),&apos;Version&apos;,&apos;2023a&apos;,&apos;Position&apos;,[769.8 1.8 766.4 780.8])</P>
    <P Name="NumInputPorts">2</P>
    <P Name="Floating">off</P>
  </Block>
  <Block BlockType="Scope" Name="Scope2" SID="33">
    <PortCounts in="1"/>
    <P Name="Position">[730, 494, 760, 526]</P>
    <P Name="ZOrder">329</P>
    <P Name="ScopeSpecificationString">Simulink.scopes.TimeScopeBlockCfg(&apos;CurrentConfiguration&apos;, extmgr.ConfigurationSet(extmgr.Configuration(&apos;Core&apos;,&apos;General UI&apos;,true),extmgr.Configuration(&apos;Core&apos;,&apos;Source UI&apos;,true),extmgr.Configuration(&apos;Sources&apos;,&apos;WiredSimulink&apos;,true,&apos;DataLoggingVariableName&apos;,&apos;ScopeData2&apos;),extmgr.Configuration(&apos;Visuals&apos;,&apos;Time Domain&apos;,true,&apos;SerializedDisplays&apos;,{struct(&apos;MinYLimReal&apos;,&apos;0.15&apos;,&apos;MaxYLimReal&apos;,&apos;0.35&apos;,&apos;YLabelReal&apos;,&apos;&apos;,&apos;MinYLimMag&apos;,&apos;0.15&apos;,&apos;MaxYLimMag&apos;,&apos;0.35&apos;,&apos;LegendVisibility&apos;,&apos;off&apos;,&apos;XGrid&apos;,true,&apos;YGrid&apos;,true,&apos;PlotMagPhase&apos;,false,&apos;AxesColor&apos;,[0 0 0],&apos;AxesTickColor&apos;,[0.686274509803922 0.686274509803922 0.686274509803922],&apos;ColorOrder&apos;,[1 1 0.0666666666666667;0.0745098039215686 0.623529411764706 1;1 0.411764705882353 0.16078431372549;0.392156862745098 0.831372549019608 0.0745098039215686;0.717647058823529 0.274509803921569 1;0.0588235294117647 1 1;1 0.0745098039215686 0.650980392156863],&apos;Title&apos;,&apos;%&lt;SignalLabel&gt;&apos;,&apos;LinePropertiesCache&apos;,{{}},&apos;UserDefinedChannelNames&apos;,{{}},&apos;NumLines&apos;,1,&apos;LineNames&apos;,{{&apos;Subtract&apos;}},&apos;ShowContent&apos;,true,&apos;Placement&apos;,1)},&apos;DisplayPropertyDefaults&apos;,struct(&apos;MinYLimReal&apos;,&apos;0.15&apos;,&apos;MaxYLimReal&apos;,&apos;0.35&apos;,&apos;YLabelReal&apos;,&apos;&apos;,&apos;MinYLimMag&apos;,&apos;0.15&apos;,&apos;MaxYLimMag&apos;,&apos;0.35&apos;,&apos;LegendVisibility&apos;,&apos;off&apos;,&apos;XGrid&apos;,true,&apos;YGrid&apos;,true,&apos;PlotMagPhase&apos;,false,&apos;AxesColor&apos;,[0 0 0],&apos;AxesTickColor&apos;,[0.686274509803922 0.686274509803922 0.686274509803922],&apos;ColorOrder&apos;,[0.0745098039215686 0.623529411764706 1;1 0.411764705882353 0.16078431372549;1 1 0.0666666666666667;0.717647058823529 0.274509803921569 1;0.392156862745098 0.831372549019608 0.0745098039215686;0.0588235294117647 1 1;1 0.0745098039215686 0.650980392156863])),extmgr.Configuration(&apos;Tools&apos;,&apos;Plot Navigation&apos;,true),extmgr.Configuration(&apos;Tools&apos;,&apos;Measurements&apos;,true,&apos;Version&apos;,&apos;2023a&apos;)),&apos;Version&apos;,&apos;2023a&apos;)</P>
    <P Name="NumInputPorts">1</P>
    <P Name="Floating">off</P>
  </Block>
  <Block BlockType="Sin" Name="Sine Wave" SID="27">
    <PortCounts out="1"/>
    <P Name="Position">[-390, 505, -360, 535]</P>
    <P Name="ZOrder">323</P>
    <P Name="Amplitude">45</P>
    <P Name="SampleTime">0</P>
  </Block>
  <Block BlockType="Sin" Name="Sine Wave1" SID="28">
    <PortCounts out="1"/>
    <P Name="Position">[-390, 575, -360, 605]</P>
    <P Name="ZOrder">324</P>
    <P Name="Amplitude">30</P>
    <P Name="SampleTime">0</P>
  </Block>
  <Block BlockType="Sin" Name="Sine Wave2" SID="42">
    <PortCounts out="1"/>
    <P Name="Position">[1085, 350, 1115, 380]</P>
    <P Name="ZOrder">338</P>
    <P Name="Amplitude">1500</P>
    <P Name="Frequency">0.1</P>
    <P Name="SampleTime">0</P>
  </Block>
  <Block BlockType="Sum" Name="Subtract" SID="13">
    <PortCounts in="2" out="1"/>
    <P Name="Position">[620, 329, 650, 411]</P>
    <P Name="ZOrder">182</P>
    <P Name="IconShape">rectangular</P>
    <P Name="Inputs">-+</P>
  </Block>
  <Block BlockType="Sum" Name="Subtract1" SID="37">
    <PortCounts in="2" out="1"/>
    <P Name="Position">[1195, 372, 1225, 428]</P>
    <P Name="ZOrder">333</P>
    <P Name="IconShape">rectangular</P>
    <P Name="Inputs">+-</P>
  </Block>
  <Block BlockType="SubSystem" Name="TCS_control" SID="6">
    <PortCounts in="3" out="1"/>
    <P Name="Position">[150, 431, 345, 629]</P>
    <P Name="ZOrder">8</P>
    <P Name="ErrorFcn">Stateflow.Translate.translate</P>
    <P Name="PermitHierarchicalResolution">ExplicitOnly</P>
    <P Name="TreatAsAtomicUnit">on</P>
    <P Name="SFBlockType">MATLAB Function</P>
    <P Name="ContentPreviewEnabled">on</P>
    <PortProperties>
      <Port Type="out" Index="1">
        <P Name="PropagatedSignals">tcs_active</P>
      </Port>
    </PortProperties>
    <System Ref="system_6"/>
  </Block>
  <Block BlockType="Switch" Name="Threshold select" SID="12">
    <P Name="Position">[505, 410, 555, 450]</P>
    <P Name="ZOrder">181</P>
    <P Name="Criteria">u2 &gt; Threshold</P>
    <P Name="Threshold">0.1</P>
    <P Name="InputSameDT">off</P>
    <P Name="SaturateOnIntegerOverflow">off</P>
  </Block>
  <Block BlockType="Outport" Name="TC_Max_torque" SID="20">
    <P Name="Position">[1395, 463, 1425, 477]</P>
    <P Name="ZOrder">316</P>
  </Block>
  <Line>
    <P Name="ZOrder">1</P>
    <P Name="Src">1#out:1</P>
    <P Name="Points">[110, 0; 0, -90]</P>
    <Branch>
      <P Name="ZOrder">32</P>
      <P Name="Points">[0, -75]</P>
      <P Name="Dst">13#in:2</P>
    </Branch>
    <Branch>
      <P Name="ZOrder">22</P>
      <P Name="Dst">6#in:1</P>
    </Branch>
  </Line>
  <Line>
    <P Name="ZOrder">4</P>
    <P Name="Src">11#out:1</P>
    <P Name="Points">[258, 0]</P>
    <Branch>
      <P Name="ZOrder">8</P>
      <P Name="Points">[341, 0; 0, -245]</P>
      <P Name="Dst">12#in:3</P>
    </Branch>
    <Branch>
      <P Name="ZOrder">7</P>
      <P Name="Points">[0, -160]</P>
      <P Name="Dst">6#in:2</P>
    </Branch>
  </Line>
  <Line>
    <P Name="ZOrder">5</P>
    <P Name="Src">10#out:1</P>
    <P Name="Points">[234, 0; 0, -145]</P>
    <Branch>
      <P Name="ZOrder">41</P>
      <P Name="Points">[0, -180]</P>
      <P Name="Dst">12#in:1</P>
    </Branch>
    <Branch>
      <P Name="ZOrder">21</P>
      <P Name="Dst">6#in:3</P>
    </Branch>
  </Line>
  <Line>
    <P Name="ZOrder">6</P>
    <P Name="Src">6#out:1</P>
    <P Name="Points">[122, 0; 0, -100]</P>
    <P Name="Dst">12#in:2</P>
  </Line>
  <Line>
    <P Name="ZOrder">25</P>
    <P Name="Src">12#out:1</P>
    <P Name="Points">[36, 0; 0, -80]</P>
    <P Name="Dst">13#in:1</P>
  </Line>
  <Line>
    <P Name="ZOrder">27</P>
    <P Name="Src">13#out:1</P>
    <P Name="Points">[20, 0]</P>
    <Branch>
      <P Name="ZOrder">77</P>
      <P Name="Points">[0, 140]</P>
      <P Name="Dst">33#in:1</P>
    </Branch>
    <Branch>
      <P Name="ZOrder">75</P>
      <P Name="Dst">17#in:1</P>
    </Branch>
  </Line>
  <Line>
    <P Name="ZOrder">89</P>
    <P Name="Src">37#out:1</P>
    <P Name="Points">[32, 0]</P>
    <Branch>
      <P Name="ZOrder">114</P>
      <P Name="Points">[96, 0; 0, 70]</P>
      <P Name="Dst">20#in:1</P>
    </Branch>
    <Branch>
      <P Name="ZOrder">105</P>
      <P Name="Points">[0, -95]</P>
      <P Name="Dst">40#in:1</P>
    </Branch>
  </Line>
  <Line>
    <P Name="ZOrder">62</P>
    <P Name="Src">27#out:1</P>
    <P Name="Dst">1#in:1</P>
  </Line>
  <Line>
    <P Name="ZOrder">63</P>
    <P Name="Src">28#out:1</P>
    <P Name="Dst">1#in:2</P>
  </Line>
  <Line>
    <P Name="ZOrder">109</P>
    <P Name="Src">42#out:1</P>
    <P Name="Points">[47, 0]</P>
    <Branch>
      <P Name="ZOrder">102</P>
      <P Name="Points">[0, -45]</P>
      <P Name="Dst">40#in:2</P>
    </Branch>
    <Branch>
      <P Name="ZOrder">98</P>
      <P Name="Points">[5, 0; 0, 20]</P>
      <P Name="Dst">37#in:1</P>
    </Branch>
  </Line>
  <Line>
    <P Name="ZOrder">88</P>
    <P Name="Src">17#out:1</P>
    <P Name="Points">[113, 0; 0, 15]</P>
    <P Name="Dst">37#in:2</P>
  </Line>
</System>
