<?xml version="1.0" encoding="utf-8"?>
<System>
  <P Name="Location">[223, 338, 826, 833]</P>
  <P Name="SIDHighWatermark">146</P>
  <Block BlockType="Inport" Name="slip_ratio" SID="6::142">
    <P Name="Position">[20, 101, 40, 119]</P>
    <P Name="ZOrder">133</P>
  </Block>
  <Block BlockType="Inport" Name="Upper_threshold" SID="6::145">
    <P Name="Position">[20, 136, 40, 154]</P>
    <P Name="ZOrder">136</P>
    <P Name="Port">2</P>
  </Block>
  <Block BlockType="Inport" Name="Lower_threshold" SID="6::146">
    <P Name="Position">[20, 171, 40, 189]</P>
    <P Name="ZOrder">137</P>
    <P Name="Port">3</P>
  </Block>
  <Block BlockType="Demux" Name=" Demux " SID="6::140">
    <PortCounts in="1" out="1"/>
    <P Name="Position">[270, 230, 320, 270]</P>
    <P Name="ZOrder">131</P>
    <P Name="Outputs">1</P>
  </Block>
  <Block BlockType="S-Function" Name=" SFunction " SID="6::139">
    <P Name="Tag">Stateflow S-Function 2</P>
    <PortCounts in="3" out="2"/>
    <P Name="Position">[180, 110, 230, 190]</P>
    <P Name="ZOrder">130</P>
    <P Name="FunctionName">sf_sfun</P>
    <P Name="PortCounts">[3 2]</P>
    <P Name="SFunctionDeploymentMode">off</P>
    <P Name="EnableBusSupport">on</P>
    <P Name="SFcnIsStateOwnerBlock">off</P>
    <PortProperties>
      <Port Type="out" Index="2">
        <P Name="Name">tcs_active</P>
      </Port>
    </PortProperties>
  </Block>
  <Block BlockType="Terminator" Name=" Terminator " SID="6::141">
    <P Name="Position">[460, 241, 480, 259]</P>
    <P Name="ZOrder">132</P>
  </Block>
  <Block BlockType="Outport" Name="tcs_active" SID="6::144">
    <P Name="Position">[460, 101, 480, 119]</P>
    <P Name="ZOrder">135</P>
  </Block>
  <Line>
    <P Name="ZOrder">80</P>
    <P Name="Src">6::142#out:1</P>
    <P Name="Dst">6::139#in:1</P>
  </Line>
  <Line>
    <P Name="ZOrder">81</P>
    <P Name="Src">6::145#out:1</P>
    <P Name="Dst">6::139#in:2</P>
  </Line>
  <Line>
    <P Name="ZOrder">82</P>
    <P Name="Src">6::146#out:1</P>
    <P Name="Dst">6::139#in:3</P>
  </Line>
  <Line>
    <P Name="Name">tcs_active</P>
    <P Name="ZOrder">83</P>
    <P Name="Labels">[0, 0]</P>
    <P Name="Src">6::139#out:2</P>
    <P Name="Dst">6::144#in:1</P>
  </Line>
  <Line>
    <P Name="ZOrder">84</P>
    <P Name="Src">6::140#out:1</P>
    <P Name="Dst">6::141#in:1</P>
  </Line>
  <Line>
    <P Name="ZOrder">85</P>
    <P Name="Src">6::139#out:1</P>
    <P Name="Dst">6::140#in:1</P>
  </Line>
</System>
