<?xml version="1.0" encoding="UTF-8" standalone="yes" ?>
<cp:coreProperties xmlns:cp="http://schemas.openxmlformats.org/package/2006/metadata/core-properties" xmlns:dc="http://purl.org/dc/elements/1.1/" xmlns:dcmitype="http://purl.org/dc/dcmitype/" xmlns:dcterms="http://purl.org/dc/terms/" xmlns:xsi="http://www.w3.org/2001/XMLSchema-instance">
  <cp:category>model</cp:category>
  <dcterms:created xsi:type="dcterms:W3CDTF">2023-10-20T00:13:06Z</dcterms:created>
  <dc:creator>ibaad</dc:creator>
  <cp:lastModifiedBy>ibaad</cp:lastModifiedBy>
  <dcterms:modified xsi:type="dcterms:W3CDTF">2023-11-04T14:16:49Z</dcterms:modified>
  <cp:revision>1.5</cp:revision>
  <cp:version>R2023a</cp:version>
</cp:coreProperties>
