<?xml version="1.0" encoding="utf-8"?>
<GraphicalInterface>
  <P Name="NumRootInports">3</P>
  <Inport Name="Driver_torque">
    <P Name="BusObject"/>
    <P Name="OutputFunctionCall">off</P>
    <P Name="InportServerType">off</P>
    <P Name="SampleTime">-1</P>
    <P Name="UnitExpr">inherit</P>
  </Inport>
  <Inport Name="Wr">
    <P Name="BusObject"/>
    <P Name="OutputFunctionCall">off</P>
    <P Name="InportServerType">off</P>
    <P Name="SampleTime">-1</P>
    <P Name="UnitExpr">inherit</P>
  </Inport>
  <Inport Name="Wf">
    <P Name="BusObject"/>
    <P Name="OutputFunctionCall">off</P>
    <P Name="InportServerType">off</P>
    <P Name="SampleTime">-1</P>
    <P Name="UnitExpr">inherit</P>
  </Inport>
  <P Name="NumRootOutports">1</P>
  <Outport Name="TC_Max_torque">
    <P Name="BusObject"/>
    <P Name="BusOutputAsStruct">off</P>
    <P Name="UnitExpr">inherit</P>
    <P Name="OutportClientType">off</P>
  </Outport>
  <P Name="ParameterArgumentNames"/>
  <P Name="NumModelReferences">2</P>
  <ModelReference>
    <P Name="ModelRefBlockPath">$bdroot/Model|Slip_ratio</P>
  </ModelReference>
  <ModelReference>
    <P Name="ModelRefBlockPath">$bdroot/Model1|Controller</P>
  </ModelReference>
  <P Name="NumTestPointedSignals">0</P>
  <P Name="NumProvidedFunctions">0</P>
  <P Name="NumRequiredFunctions">0</P>
  <P Name="NumResetEvents">0</P>
  <P Name="HasInitializeEvent">0</P>
  <P Name="HasTerminateEvent">0</P>
  <P Name="PreCompExecutionDomainType">Unset</P>
  <P Name="UseModelRefSolver">0</P>
  <P Name="SolverName">VariableStepAuto</P>
  <P Name="IsExportFunctionModel">0</P>
  <P Name="SimulinkSubDomainType">Simulink</P>
  <P Name="NumParameterArguments">0</P>
  <P Name="NumExternalFileReferences">2</P>
  <ExternalFileReference>
    <P Name="Reference">Slip_ratio.slx</P>
    <P Name="Path">$bdroot/Model</P>
    <P Name="SID">1</P>
    <P Name="Type">MODEL_BLOCK</P>
  </ExternalFileReference>
  <ExternalFileReference>
    <P Name="Reference">Controller</P>
    <P Name="Path">$bdroot/Model1</P>
    <P Name="SID">17</P>
    <P Name="Type">MODEL_BLOCK</P>
  </ExternalFileReference>
  <P Name="OrderedModelArguments">1</P>
</GraphicalInterface>
