<?xml version="1.0" encoding="UTF-8"?>
<MF0 version="1.1" defaultPackage="slid" packageUris="http://schema.mathworks.com/mf0/slid/R2023a_20220628">
  <System type="System" uuid="f6b15f13-89bf-473d-8898-19c4a49121e2">
    <Block type="Block" uuid="d1838150-f710-441c-b62b-5ded9770469b">
      <Sid>1</Sid>
    </Block>
    <Block type="Block" uuid="9329d8b1-f546-49a0-a5c9-fbbf22ee4a3e">
      <Sid>17</Sid>
    </Block>
    <Interface type="Interface" uuid="4cd44844-869b-4c7e-aa73-6724c836fec3"/>
  </System>
</MF0>