<?xml version="1.0" encoding="UTF-8"?>
<sltp_editor version="1.1" packageUris="http://schema.mathworks.com/mf0/DiagramEditor/R2019a_20181107 http://schema.mathworks.com/mf0/SltpSyntax/R2023a_202207220222">
  <sltp.mm.syntax.Context type="sltp.mm.syntax.Context" uuid="3bc6494c-0943-48af-82ee-575fcc503e5e">
    <globalData type="sltp.mm.syntax.GlobalData" uuid="f1f4c161-8571-48a1-83d5-04a076553156">
      <dataName>portDriver_torque</dataName>
      <type>RootInport</type>
    </globalData>
    <globalData type="sltp.mm.syntax.GlobalData" uuid="79998a3f-4171-43eb-a042-6a430705ad02">
      <dataName>portTC_Max_torque</dataName>
      <type>RootOutport</type>
    </globalData>
    <globalData type="sltp.mm.syntax.GlobalData" uuid="16c9bc92-9edc-43d8-925a-3d8c4d0b6f43">
      <dataName>portWf</dataName>
      <type>RootInport</type>
    </globalData>
    <globalData type="sltp.mm.syntax.GlobalData" uuid="fe9bbc50-c47b-4d51-8a58-97eeb8707b9f">
      <dataName>portWr</dataName>
      <type>RootInport</type>
    </globalData>
    <rootGraph type="sltp.mm.syntax.Graph" uuid="e76d6954-ede4-4db3-b2ce-0530b1bcca81">
      <children type="sltp.mm.syntax.Node" uuid="d84da6a3-3f30-4df9-84ed-9dccd54009dd">
        <priority>40</priority>
        <rates type="sltp.mm.syntax.RateData">
          <color>#000000</color>
          <hasBlocks>true</hasBlocks>
          <rate>0</rate>
          <title>Cont</title>
        </rates>
        <rates type="sltp.mm.syntax.RateData">
          <color>#808080</color>
          <rate>[0, 1]</rate>
          <title>FiM</title>
        </rates>
        <rates type="sltp.mm.syntax.RateData">
          <color>#e60000</color>
          <hasBlocks>true</hasBlocks>
          <rate>0.2</rate>
          <title>D1</title>
        </rates>
        <title>Cont</title>
        <type>base</type>
        <diagramElement type="diagram.editor.model.Entity" uuid="ac59f545-7a05-4609-bf37-a3ed659c01df"/>
        <subgraph type="sltp.mm.syntax.Graph" uuid="3ac2c5d9-2d11-40e8-9887-06b1d4f0add9">
          <title>Cont</title>
          <diagramElement type="diagram.editor.model.Diagram" uuid="466fbe60-ae73-4160-9908-699de3d9bac8"/>
        </subgraph>
      </children>
      <title>Default</title>
      <diagramElement type="diagram.editor.model.Diagram" uuid="e2860f81-b6af-48e2-92fc-12e61e1e719c"/>
    </rootGraph>
  </sltp.mm.syntax.Context>
  <diagram.editor.model.Diagram type="diagram.editor.model.Diagram" uuid="e2860f81-b6af-48e2-92fc-12e61e1e719c">
    <entities type="diagram.editor.model.Entity" uuid="ac59f545-7a05-4609-bf37-a3ed659c01df">
      <position>0,0</position>
      <size>0,0,0,0</size>
      <syntaxElement type="sltp.mm.syntax.Node" uuid="d84da6a3-3f30-4df9-84ed-9dccd54009dd"/>
      <title>Cont</title>
      <type>base</type>
      <subDiagram type="diagram.editor.model.Diagram" uuid="466fbe60-ae73-4160-9908-699de3d9bac8">
        <position>0,0</position>
        <syntaxElement type="sltp.mm.syntax.Graph" uuid="3ac2c5d9-2d11-40e8-9887-06b1d4f0add9"/>
        <title>Cont</title>
        <type>graph.Graph</type>
      </subDiagram>
    </entities>
    <syntaxElement type="sltp.mm.syntax.Graph" uuid="e76d6954-ede4-4db3-b2ce-0530b1bcca81"/>
    <title>Default</title>
    <type>graph.Graph</type>
  </diagram.editor.model.Diagram>
</sltp_editor>