<?xml version="1.0" encoding="UTF-8"?>
<sltp_graph version="1.1" packageUris="http://schema.mathworks.com/mf0/sltp_mm/R2023a_202209151115">
  <sltp.mm.core.Context type="sltp.mm.core.Context" uuid="eaa72d88-4ee5-416d-b060-e92534399baf">
    <globalData type="sltp.mm.core.GlobalData" uuid="e88816fe-cbb6-45c0-ac87-d69df6ce75e8">
      <dataName>portDriver_torque</dataName>
      <type>RootInport</type>
    </globalData>
    <globalData type="sltp.mm.core.GlobalData" uuid="9b5c5cb1-8d9a-4ff6-a0fb-ba3c27c70a2a">
      <dataName>portTC_Max_torque</dataName>
      <type>RootOutport</type>
    </globalData>
    <globalData type="sltp.mm.core.GlobalData" uuid="7a64e6da-8d14-419a-8e3a-bb06ca7784c4">
      <dataName>portWf</dataName>
      <type>RootInport</type>
    </globalData>
    <globalData type="sltp.mm.core.GlobalData" uuid="e6a6a00b-f108-434b-ac4e-0c0d50c513ee">
      <dataName>portWr</dataName>
      <type>RootInport</type>
    </globalData>
    <priorityDirection>HighNumberLast</priorityDirection>
    <defaultEventBehavior type="sltp.mm.core.EventBehavior" uuid="d7ab87b1-5e71-4ca0-9d82-f03c5bd9acc2"/>
    <editorState type="sltp.mm.core.EditorState" uuid="dfddbac0-357d-476b-aee8-f6ce847b5b79">
      <isSynchronized>true</isSynchronized>
      <panelState type="sltp.mm.core.EditorPanelState" uuid="ce5f0e47-f930-4581-a1d3-2284783b58ef"/>
    </editorState>
    <rootTask type="sltp.mm.core.Task" uuid="d68bf30b-f682-4bfc-92a1-8148c2d0e839">
      <context type="sltp.mm.core.Context" uuid="eaa72d88-4ee5-416d-b060-e92534399baf"/>
      <explicit>false</explicit>
      <name>Default</name>
      <priority>-2147483648</priority>
      <subgraph type="sltp.mm.core.Graph" uuid="d49cbe55-bd86-4672-a486-46c034e89138">
        <tasks type="sltp.mm.core.Task" uuid="36fb6a34-1952-41f5-af22-2d3003226284">
          <baseTask>true</baseTask>
          <context type="sltp.mm.core.Context" uuid="eaa72d88-4ee5-416d-b060-e92534399baf"/>
          <explicit>false</explicit>
          <id>1</id>
          <isTimed>true</isTimed>
          <name>Cont</name>
          <priority>40</priority>
          <rates type="sltp.mm.core.Rate" uuid="ebdc34c1-2d75-48f7-aed8-69b804dcdeae">
            <annotation>Cont</annotation>
            <color>255</color>
            <hasBlocks>true</hasBlocks>
            <identifier>Continuous00</identifier>
            <rateIndex>0</rateIndex>
            <rateSpec type="sltp.mm.core.RateSpec">
              <period>0.0</period>
            </rateSpec>
            <sti>0</sti>
          </rates>
          <rates type="sltp.mm.core.Rate" uuid="5697b04c-c022-4759-bb88-fefe64c11042">
            <annotation>FiM</annotation>
            <color>-2139062017</color>
            <rateIndex>1</rateIndex>
            <rateSpec type="sltp.mm.core.RateSpec">
              <offset>1.0</offset>
              <period>0.0</period>
            </rateSpec>
            <sti>1</sti>
          </rates>
          <rates type="sltp.mm.core.Rate" uuid="87e42335-a36b-4e30-af0c-7210c733433e">
            <annotation>D1</annotation>
            <color>-436207361</color>
            <hasBlocks>true</hasBlocks>
            <rateIndex>2</rateIndex>
            <rateSpec type="sltp.mm.core.RateSpec">
              <period>.2</period>
            </rateSpec>
            <sti>2</sti>
          </rates>
        </tasks>
      </subgraph>
    </rootTask>
  </sltp.mm.core.Context>
</sltp_graph>