<?xml version="1.0" encoding="utf-8"?>
<System>
  <P Name="Location">[-1, -7, 1537, 865]</P>
  <P Name="ZoomFactor">125</P>
  <P Name="ReportName">simulink-default.rpt</P>
  <P Name="SIDHighWatermark">16</P>
  <Block BlockType="Inport" Name="Rotational_Speed_rear" SID="2">
    <P Name="Position">[160, 128, 190, 142]</P>
    <P Name="ZOrder">178</P>
  </Block>
  <Block BlockType="Inport" Name="Rotational_Speed_front" SID="6">
    <P Name="Position">[160, 213, 190, 227]</P>
    <P Name="ZOrder">306</P>
    <P Name="Port">2</P>
  </Block>
  <Block BlockType="Product" Name="Divide" SID="9">
    <PortCounts in="2" out="1"/>
    <P Name="Position">[630, 131, 660, 244]</P>
    <P Name="ZOrder">309</P>
    <P Name="Inputs">*/</P>
    <P Name="RndMeth">Round</P>
  </Block>
  <Block BlockType="Product" Name="Product" SID="5">
    <PortCounts in="2" out="1"/>
    <P Name="Position">[325, 87, 355, 118]</P>
    <P Name="ZOrder">305</P>
  </Block>
  <Block BlockType="Product" Name="Product1" SID="7">
    <PortCounts in="2" out="1"/>
    <P Name="Position">[325, 197, 355, 228]</P>
    <P Name="ZOrder">307</P>
  </Block>
  <Block BlockType="Saturate" Name="Saturation" SID="14">
    <P Name="Position">[505, 200, 535, 230]</P>
    <P Name="ZOrder">312</P>
    <P Name="UpperLimit">200</P>
    <P Name="LowerLimit">0.1</P>
  </Block>
  <Block BlockType="Scope" Name="Scope" SID="15">
    <PortCounts in="1"/>
    <P Name="Position">[780, 204, 810, 236]</P>
    <P Name="ZOrder">313</P>
    <P Name="ScopeSpecificationString">Simulink.scopes.TimeScopeBlockCfg(&apos;CurrentConfiguration&apos;, extmgr.ConfigurationSet(extmgr.Configuration(&apos;Core&apos;,&apos;General UI&apos;,true),extmgr.Configuration(&apos;Core&apos;,&apos;Source UI&apos;,true),extmgr.Configuration(&apos;Sources&apos;,&apos;WiredSimulink&apos;,true),extmgr.Configuration(&apos;Visuals&apos;,&apos;Time Domain&apos;,true,&apos;SerializedDisplays&apos;,{struct(&apos;MinYLimReal&apos;,&apos;-1.00000&apos;,&apos;MaxYLimReal&apos;,&apos;1.00000&apos;,&apos;YLabelReal&apos;,&apos;&apos;,&apos;MinYLimMag&apos;,&apos;0.00000&apos;,&apos;MaxYLimMag&apos;,&apos;1.00000&apos;,&apos;LegendVisibility&apos;,&apos;off&apos;,&apos;XGrid&apos;,true,&apos;YGrid&apos;,true,&apos;PlotMagPhase&apos;,false,&apos;AxesColor&apos;,[0 0 0],&apos;AxesTickColor&apos;,[0.686274509803922 0.686274509803922 0.686274509803922],&apos;ColorOrder&apos;,[1 1 0.0666666666666667;0.0745098039215686 0.623529411764706 1;1 0.411764705882353 0.16078431372549;0.392156862745098 0.831372549019608 0.0745098039215686;0.717647058823529 0.274509803921569 1;0.0588235294117647 1 1;1 0.0745098039215686 0.650980392156863],&apos;Title&apos;,&apos;%&lt;SignalLabel&gt;&apos;,&apos;LinePropertiesCache&apos;,{{}},&apos;UserDefinedChannelNames&apos;,{{}},&apos;NumLines&apos;,1,&apos;LineNames&apos;,{{&apos;Divide&apos;}},&apos;ShowContent&apos;,true,&apos;Placement&apos;,1)},&apos;DisplayPropertyDefaults&apos;,struct(&apos;MinYLimReal&apos;,&apos;-1.00000&apos;,&apos;MaxYLimReal&apos;,&apos;1.00000&apos;,&apos;YLabelReal&apos;,&apos;&apos;,&apos;MinYLimMag&apos;,&apos;0.00000&apos;,&apos;MaxYLimMag&apos;,&apos;1.00000&apos;,&apos;LegendVisibility&apos;,&apos;off&apos;,&apos;XGrid&apos;,true,&apos;YGrid&apos;,true,&apos;PlotMagPhase&apos;,false,&apos;AxesColor&apos;,[0 0 0],&apos;AxesTickColor&apos;,[0.686274509803922 0.686274509803922 0.686274509803922],&apos;ColorOrder&apos;,[0.0745098039215686 0.623529411764706 1;1 0.411764705882353 0.16078431372549;1 1 0.0666666666666667;0.717647058823529 0.274509803921569 1;0.392156862745098 0.831372549019608 0.0745098039215686;0.0588235294117647 1 1;1 0.0745098039215686 0.650980392156863])),extmgr.Configuration(&apos;Tools&apos;,&apos;Plot Navigation&apos;,true),extmgr.Configuration(&apos;Tools&apos;,&apos;Measurements&apos;,true,&apos;Version&apos;,&apos;2023a&apos;)),&apos;Version&apos;,&apos;2023a&apos;,&apos;Position&apos;,[653.8 209 560 420])</P>
    <P Name="NumInputPorts">1</P>
    <P Name="Floating">off</P>
  </Block>
  <Block BlockType="Scope" Name="Scope1" SID="16">
    <PortCounts in="2"/>
    <P Name="Position">[460, 281, 490, 314]</P>
    <P Name="ZOrder">314</P>
    <P Name="ScopeSpecificationString">Simulink.scopes.TimeScopeBlockCfg(&apos;CurrentConfiguration&apos;, extmgr.ConfigurationSet(extmgr.Configuration(&apos;Core&apos;,&apos;General UI&apos;,true),extmgr.Configuration(&apos;Core&apos;,&apos;Source UI&apos;,true),extmgr.Configuration(&apos;Sources&apos;,&apos;WiredSimulink&apos;,true,&apos;DataLoggingVariableName&apos;,&apos;ScopeData1&apos;),extmgr.Configuration(&apos;Visuals&apos;,&apos;Time Domain&apos;,true,&apos;SerializedDisplays&apos;,{struct(&apos;MinYLimReal&apos;,&apos;-11.99754&apos;,&apos;MaxYLimReal&apos;,&apos;11.99518&apos;,&apos;YLabelReal&apos;,&apos;&apos;,&apos;MinYLimMag&apos;,&apos;0.00000&apos;,&apos;MaxYLimMag&apos;,&apos;11.99754&apos;,&apos;LegendVisibility&apos;,&apos;off&apos;,&apos;XGrid&apos;,true,&apos;YGrid&apos;,true,&apos;PlotMagPhase&apos;,false,&apos;AxesColor&apos;,[0 0 0],&apos;AxesTickColor&apos;,[0.686274509803922 0.686274509803922 0.686274509803922],&apos;ColorOrder&apos;,[1 1 0.0666666666666667;0.0745098039215686 0.623529411764706 1;1 0.411764705882353 0.16078431372549;0.392156862745098 0.831372549019608 0.0745098039215686;0.717647058823529 0.274509803921569 1;0.0588235294117647 1 1;1 0.0745098039215686 0.650980392156863],&apos;Title&apos;,&apos;%&lt;SignalLabel&gt;&apos;,&apos;LinePropertiesCache&apos;,{{}},&apos;UserDefinedChannelNames&apos;,{{}},&apos;NumLines&apos;,2,&apos;LineNames&apos;,{{&apos;Product1&apos;,&apos;Product&apos;}},&apos;ShowContent&apos;,true,&apos;Placement&apos;,1)},&apos;DisplayPropertyDefaults&apos;,struct(&apos;MinYLimReal&apos;,&apos;-11.99754&apos;,&apos;MaxYLimReal&apos;,&apos;11.99518&apos;,&apos;YLabelReal&apos;,&apos;&apos;,&apos;MinYLimMag&apos;,&apos;0.00000&apos;,&apos;MaxYLimMag&apos;,&apos;11.99754&apos;,&apos;LegendVisibility&apos;,&apos;off&apos;,&apos;XGrid&apos;,true,&apos;YGrid&apos;,true,&apos;PlotMagPhase&apos;,false,&apos;AxesColor&apos;,[0 0 0],&apos;AxesTickColor&apos;,[0.686274509803922 0.686274509803922 0.686274509803922],&apos;ColorOrder&apos;,[0.0745098039215686 0.623529411764706 1;1 0.411764705882353 0.16078431372549;1 1 0.0666666666666667;0.717647058823529 0.274509803921569 1;0.392156862745098 0.831372549019608 0.0745098039215686;0.0588235294117647 1 1;1 0.0745098039215686 0.650980392156863])),extmgr.Configuration(&apos;Tools&apos;,&apos;Plot Navigation&apos;,true),extmgr.Configuration(&apos;Tools&apos;,&apos;Measurements&apos;,true,&apos;Version&apos;,&apos;2023a&apos;)),&apos;Version&apos;,&apos;2023a&apos;,&apos;Position&apos;,[53 257.8 560 420])</P>
    <P Name="NumInputPorts">2</P>
    <P Name="Floating">off</P>
  </Block>
  <Block BlockType="Sum" Name="Subtract" SID="8">
    <PortCounts in="2" out="1"/>
    <P Name="Position">[455, 142, 485, 173]</P>
    <P Name="ZOrder">308</P>
    <P Name="IconShape">rectangular</P>
    <P Name="Inputs">+-</P>
  </Block>
  <Block BlockType="Constant" Name="Tyre_radius" SID="13">
    <P Name="Position">[160, 55, 190, 85]</P>
    <P Name="ZOrder">311</P>
    <P Name="Value">0.32</P>
  </Block>
  <Block BlockType="Outport" Name="Slip_ratio" SID="10">
    <P Name="Position">[835, 183, 865, 197]</P>
    <P Name="ZOrder">310</P>
  </Block>
  <Line>
    <P Name="ZOrder">15</P>
    <P Name="Src">13#out:1</P>
    <P Name="Points">[68, 0; 0, 25; 14, 0]</P>
    <Branch>
      <P Name="ZOrder">5</P>
      <P Name="Points">[0, 110]</P>
      <P Name="Dst">7#in:1</P>
    </Branch>
    <Branch>
      <P Name="ZOrder">4</P>
      <P Name="Dst">5#in:1</P>
    </Branch>
  </Line>
  <Line>
    <P Name="ZOrder">2</P>
    <P Name="Src">2#out:1</P>
    <P Name="Points">[63, 0; 0, -25]</P>
    <P Name="Dst">5#in:2</P>
  </Line>
  <Line>
    <P Name="ZOrder">3</P>
    <P Name="Src">6#out:1</P>
    <P Name="Dst">7#in:2</P>
  </Line>
  <Line>
    <P Name="ZOrder">6</P>
    <P Name="Src">5#out:1</P>
    <P Name="Points">[45, 0; 0, 45]</P>
    <Branch>
      <P Name="ZOrder">39</P>
      <P Name="Points">[0, 155]</P>
      <P Name="Dst">16#in:2</P>
    </Branch>
    <Branch>
      <P Name="ZOrder">38</P>
      <P Name="Dst">8#in:1</P>
    </Branch>
  </Line>
  <Line>
    <P Name="ZOrder">7</P>
    <P Name="Src">7#out:1</P>
    <P Name="Points">[20, 0]</P>
    <Branch>
      <P Name="ZOrder">37</P>
      <P Name="Points">[0, 75]</P>
      <P Name="Dst">16#in:1</P>
    </Branch>
    <Branch>
      <P Name="ZOrder">36</P>
      <P Name="Points">[43, 0]</P>
      <Branch>
        <P Name="ZOrder">30</P>
        <P Name="Dst">14#in:1</P>
      </Branch>
      <Branch>
        <P Name="ZOrder">28</P>
        <P Name="Points">[0, -50]</P>
        <P Name="Dst">8#in:2</P>
      </Branch>
    </Branch>
  </Line>
  <Line>
    <P Name="ZOrder">8</P>
    <P Name="Src">8#out:1</P>
    <P Name="Dst">9#in:1</P>
  </Line>
  <Line>
    <P Name="ZOrder">13</P>
    <P Name="Src">9#out:1</P>
    <P Name="Points">[79, 0]</P>
    <Branch>
      <P Name="ZOrder">33</P>
      <P Name="Points">[0, 30]</P>
      <P Name="Dst">15#in:1</P>
    </Branch>
    <Branch>
      <P Name="ZOrder">32</P>
      <P Name="Dst">10#in:1</P>
    </Branch>
  </Line>
  <Line>
    <P Name="ZOrder">31</P>
    <P Name="Src">14#out:1</P>
    <P Name="Dst">9#in:2</P>
  </Line>
</System>
